,Feature_0,Feature_1
EA,2.932999159384248,0.1594533029612756
NotEA,2.658298595383013,0.3372262360107664
