,Feature_0,Feature_1
EA,2.508997905775978,0.06359083419375913
NotEA,1.774466771229789,0.07494846551938476
