,Feature_0,Feature_1
EA,2.892395674498175,0.06359083419375913
NotEA,1.8106069349398797,0.07494846551938476
