,Feature_0,Feature_1,Feature_2
BYDra,0.0019452776759862,1.306370131056839,0.1838415011268015
RSCVN,0.00219584221486,1.0418165972121392,0.1696720864148541
