,Feature_0,Feature_1,Feature_2
BYDra,0.0028877953300253,0.43110053495482226,0.1025374951599099
RSCVN,0.00425375654594975,0.6215415221613512,0.08974457620993717
