,Feature_0,Feature_1
BYDra,0.32484079117353,23.204057028063367
RSCVN,0.38124044801205587,18.39325191370635
