,Feature_0,Feature_1,Feature_2,Feature_3,Feature_4,Feature_5,Feature_6
CEP,2.3554543256759644,3.334801590198654,0.1111251121787559,0.24591589999999997,15.031143870328124,0.1534915214494756,0.20846281616891016
DSCT,1.6558220386505127,0.08406616824136526,0.8069522110798457,0.07537652499999845,16.54492400069699,0.108222336932221,1.623967771539607e-11
RR,1.55544775724411,0.5828228716132076,0.1567424337748719,0.3719616124999998,17.118190636601447,0.0747202934366406,0.01636360902956615
RRc,1.5462197065353394,0.3339426243121591,0.1874071431602685,0.2045903500000001,17.196278221705423,0.083004042278148,0.0013242499143662
