,Feature_0,Feature_1,Feature_2,Feature_3
EA,1.5967884063720703,0.0120853735134005,0.2259311750000012,0.3043517999999992
NotEA,2.4696384668350224,0.00691845780238505,0.1909728124999992,-0.0001773750000015
