,Feature_0,Feature_1,Feature_2,Feature_3
EA,2.3724144520581536,0.19297678809026736,0.12714795719253252,0.271916399270352
NotEA,346.98484658271485,5.985929287390354,0.47915914791167613,0.42739173661737445
