,Feature_0,Feature_1,Feature_2,Feature_3
CEP,2.3554543256759644,0.06341259554028505,3.334801590198654,0.6286176413308571
DSCT,1.6558220386505127,0.0026494363555684,0.08406616824136526,0.031549614706832
RR,1.55544775724411,0.1185106821358203,0.5828228716132076,0.2394003303375652
RRc,1.5462197065353394,0.0411333814263343,0.3339426243121591,0.1499563705239728
