,Feature_0,Feature_1,Feature_2
BYDra,1.306370131056839,0.0754861500000023,0.1838415011268015
RSCVN,1.0418165972121392,0.07116174999999986,0.1696720864148541
