,Feature_0,Feature_1,Feature_2
BYDra,1.3150194781900502,0.0750856750000021,0.186451957222161
RSCVN,1.067448273336009,0.07409332499999975,0.1703892355215284
