,Feature_0,Feature_1,Feature_2
BYDra,0.32484079117353,0.0339531363708976,0.07671131701697112
RSCVN,0.38124044801205587,0.04707675931173028,0.06687986325768913
