,Feature_0,Feature_1
EA,5.636299113995355,0.1628701594533029
NotEA,3.569396289189351,0.3422083140956582
