,Feature_0,Feature_1,Feature_2
BYDra,1.3150194781900502,0.0506992999999944,0.186451957222161
RSCVN,1.067448273336009,0.05320415,0.1703892355215284
