,Feature_0,Feature_1,Feature_2
BYDra,0.0015045816208911003,0.43110053495482226,0.1025374951599099
RSCVN,0.002558374742591775,0.6215415221613512,0.08974457620993717
