,Feature_0,Feature_1,Feature_2
BYDra,0.3371164930635364,0.026584448532376837,0.07694984128241399
RSCVN,0.3795324480838494,0.037962397335298624,0.06701681466940494
