,Feature_0,Feature_1,Feature_2,Feature_3
EA,2.892395674498175,2.508997905775978,0.06359083419375913,0.024687491716176492
NotEA,1.8106069349398797,1.774466771229789,0.07494846551938476,0.049949139106215686
