,Feature_0,Feature_1
CEP,3.296322016473539,1.865855828620352
DSCT,0.08675898859224579,2.346768817273748
RR,0.58038310209606,2.198345111183935
RRc,0.3331988806963707,1.531788708320059
