,Feature_0,Feature_1
CEP,3.334801590198654,1.8886363378299347
DSCT,0.08406616824136526,2.323175223779269
RR,0.5828228716132076,2.2056627377658256
RRc,0.3339426243121591,1.541492288840514
