,Feature_0,Feature_1
CEP,6.850022877916105,0.8653178577145517
DSCT,0.03135010085118775,1.0040727457380587
RR,0.4404123537332366,0.22872549447905266
RRc,0.1379688727389869,0.8823340698115756
