,Feature_0,Feature_1,Feature_2,Feature_3
EA,1.6245665550231934,0.1594533029612756,1.8855606133935103,0.7003649658318671
NotEA,2.322780966758728,0.3372262360107664,-0.027024962402854,0.8298492552732031
