,Feature_0,Feature_1,Feature_2,Feature_3,Feature_4
EA,2.3724144520581536,13.087644756442446,0.06359083419375913,13.381936156218893,0.09644558999811374
NotEA,346.98484658271485,14.17688714985753,0.07494846551938476,26.6523540145005,0.05782195956824328
