,Feature_0,Feature_1,Feature_2,Feature_3,Feature_4,Feature_5,Feature_6,Feature_7,Feature_8,Feature_9,Feature_10,Feature_11,Feature_12,Feature_13,Feature_14,Feature_15
CEP,0.02803211286664,3.296322016473539,0.6366040918816401,0.2749261792015161,0.1122865022059612,0.19435455393628,0.0045911402442785,2.192755531730265,3.5194449796583243,3.6189542994919472,-0.0429897499999896,15.12521769192982,0.2928759894459103,0.158732616496395,-0.113059196425299,0.2069683744506664
DSCT,0.00153596157906575,0.08675898859224579,0.0340628431175882,0.21570213186306725,0.8248920933043492,0.045274614581281,0.0014723752023496,2.993455163842669,3.5672121998346116,3.0135072234405325,-0.01117989999999475,16.47115220270517,0.41803585212317634,0.1058447001630966,-0.16918212019575923,4.0073880516006835e-11
RR,0.06774345040321345,0.58038310209606,0.2396792227620536,0.23169133179232235,0.14368195504289621,0.2426150335892992,0.0095724469771114,1.8903320945247404,3.529400898951531,3.8803371587240187,-0.25027225000000364,17.07070844128765,0.2762249558808263,0.07568355919265604,-0.5282597223630419,0.01526305372038275
RRc,0.02535448316484685,0.3331988806963707,0.1419060159453941,0.24076954501003756,0.1779301826207963,0.17066169108689386,0.0039548140638297,4.046864057827814,2.6027341203860974,3.1615335023872237,0.00705765000000365,17.196294362102712,0.19531927063472798,0.08115986952202031,0.0066357656495184495,0.0008350642999787
