,Feature_0,Feature_1,Feature_2
CEP,3.296322016473539,0.19435455393628,1.865855828620352
DSCT,0.08675898859224579,0.045274614581281,2.346768817273748
RR,0.58038310209606,0.2426150335892992,2.198345111183935
RRc,0.3331988806963707,0.17066169108689386,1.531788708320059
