,Feature_0,Feature_1,Feature_2
CEP,6.393705273550724,0.07642482525761074,0.8500338455322888
DSCT,0.03808250056065442,0.3710812235963879,1.0745090761166591
RR,0.9485755304729404,0.0641284935229692,0.21951032305559803
RRc,0.12029004608861395,0.035221127372820155,0.8790378120406519
