,Feature_0,Feature_1,Feature_2
BYDra,1.3150194781900502,2.9339105446530134,1.0
RSCVN,1.067448273336009,3.1455670453937135,1.0
