,Feature_0,Feature_1,Feature_2
BYDra,0.3371164930635364,1.8554304483511628,25.071115771008536
RSCVN,0.3795324480838494,1.8549024111132046,16.871612557034915
