,Feature_0,Feature_1,Feature_2
BYDra,0.32484079117353,1.8166950529457715,23.204057028063367
RSCVN,0.38124044801205587,1.8683265318628295,18.39325191370635
