,Feature_0,Feature_1
BYDra,1.3150194781900502,1.0
RSCVN,1.067448273336009,1.0
