,Feature_0,Feature_1,Feature_2,Feature_3,Feature_4
BYDra,2.053853750228882,0.0019452776759862,1.306370131056839,2.83404320144258,-1.8103156040748647e-06
RSCVN,2.213425636291504,0.00219584221486,1.0418165972121392,3.079778638073492,-2.1781842893800656e-06
