,Feature_0,Feature_1
BYDra,1.306370131056839,1.0
RSCVN,1.0418165972121392,1.0
