,Feature_0,Feature_1,Feature_2,Feature_3,Feature_4
BYDra,2.801101326942444,0.0028877953300253,0.43110053495482226,3.1042770081315956,4.080001149614853e-05
RSCVN,2.423921793699264,0.00425375654594975,0.6215415221613512,3.21807372779615,2.6768046873185894e-05
