,Feature_0,Feature_1
BYDra,0.3371164930635364,25.071115771008536
RSCVN,0.3795324480838494,16.871612557034915
