,Feature_0,Feature_1,Feature_2,Feature_3
BYDra,0.0290376136861275,0.00323032941352,2.776939534119739,0.3474881205471337
RSCVN,0.03438172529196645,0.0023989325326161997,3.1879029723139514,0.11114863502741154
