,Feature_0,Feature_1,Feature_2,Feature_3
BYDra,0.0293211269089949,0.0032169110786865,2.771137640834771,0.3125183943797943
RSCVN,0.0339737155670676,0.0022987272330352,3.1270659109209227,0.1081716248793892
