,Feature_0,Feature_1,Feature_2,Feature_3
BYDra,0.043385805290296356,0.010448945178674037,1.9525188897107195,0.34392646517864683
RSCVN,0.02771572101132222,0.003986322703386624,1.9729196079729403,0.32559202983180124
