,Feature_0,Feature_1,Feature_2,Feature_3,Feature_4,Feature_5,Feature_6,Feature_7,Feature_8,Feature_9,Feature_10,Feature_11,Feature_12,Feature_13,Feature_14,Feature_15,Feature_16
EA,0.0120853735134005,0.5461025084065892,0.2358575552670311,0.303873363182336,0.0951802866324971,3.2458732419847127,3.1225730481339458,1.0,0.159217877094972,0.0908170529204011,0.3043517999999992,17.113481724779735,0.1256572092175177,1.8878123953802768,3.483165578925315,0.0004896033526966,-1.962114632634093e-07
NotEA,0.00691845780238505,0.7665171652516118,0.23828663334767036,0.4680022247203814,0.13147069586170976,3.3204882163280347,3.135534652954784,2.0,0.3386752136752137,0.0973337547784528,-0.0001773750000015,16.33787167198554,0.15734122708762005,-0.0161007567691365,-0.49357297521670884,0.043455583763865546,-4.738243127465554e-06
