,Feature_0,Feature_1,Feature_2,Feature_3,Feature_4
EA,2.072881656590161,0.057810940850369634,1.3118931458071568,13.381936156218893,0.14508123107755377
NotEA,1.8896239131804096,0.08343443656227592,1.4140654743020376,26.6523540145005,0.39035730274926256
