,Feature_0,Feature_1,Feature_2,Feature_3,Feature_4,Feature_5
CEP,3.296322016473539,0.6366040918816401,1.865855828620352,3.5813813360430027,0.2462892500000002,0.158732616496395
DSCT,0.08675898859224579,0.0340628431175882,2.346768817273748,4.08486024093974,0.07420624999999956,0.1058447001630966
RR,0.58038310209606,0.2396792227620536,2.198345111183935,4.12573954874627,0.37512205000000076,0.07568355919265604
RRc,0.3331988806963707,0.1419060159453941,1.531788708320059,3.080450735645263,0.2037057749999995,0.08115986952202031
