,Feature_0,Feature_1,Feature_2,Feature_3,Feature_4,Feature_5
CEP,6.850022877916105,2.2191741969765255,0.8653178577145517,1.2960247436863896,0.10591450886434353,0.07958693825858884
DSCT,0.03135010085118775,618842.9380302171,1.0040727457380587,1.685714765555537,0.06430930757050088,0.03957609203373829
RR,0.4404123537332366,0.9097141880245756,0.22872549447905266,0.5443117766685122,0.09621529775049437,0.04834114324241637
RRc,0.1379688727389869,0.64358115994306,0.8823340698115756,0.9895649675288407,0.04665157915741497,0.043364608852049326
