,Feature_0,Feature_1,Feature_2,Feature_3,Feature_4,Feature_5,Feature_6
BYDra,2.053853750228882,1.306370131056839,0.0293211269089949,0.0032169110786865,0.0754861500000023,0.1838415011268015,-1.8103156040748647e-06
RSCVN,2.213425636291504,1.0418165972121392,0.0339737155670676,0.0022987272330352,0.07116174999999986,0.1696720864148541,-2.1781842893800656e-06
