,Feature_0,Feature_1,Feature_2,Feature_3,Feature_4
BYDra,10.426916063856181,0.3371164930635364,0.6305314909931856,0.07694984128241399,0.06576146717880312
RSCVN,215.38415807588,0.3795324480838494,0.4336593776456348,0.06701681466940494,0.06026253112684924
