,Feature_0,Feature_1,Feature_2,Feature_3,Feature_4,Feature_5,Feature_6,Feature_7,Feature_8,Feature_9,Feature_10,Feature_11,Feature_12,Feature_13,Feature_14,Feature_15
CEP,0.0651041567325592,0.2749261792015161,0.1122865022059612,4.217713514901279,2.192755531730265,0.2462892500000002,0.3866666666666666,0.0254785243864496,-0.0429897499999896,0.2928759894459103,0.0264010773461398,0.158732616496395,-0.113059196425299,-0.9511726129028696,0.2069683744506664,-3.4217161224170507e-06
DSCT,0.00247846066486085,0.21570213186306725,0.8248920933043492,2.5799248974827558,2.993455163842669,0.07420624999999956,0.3459139587861014,0.37649840419681146,-0.01117989999999475,0.41803585212317634,0.0087199701748351,0.1058447001630966,-0.16918212019575923,-0.37960949600062865,4.0073880516006835e-11,2.596920146979344e-07
RR,0.1161290667951107,0.23169133179232235,0.14368195504289621,5.181679748413,1.8903320945247404,0.37512205000000076,0.38662272998970904,0.025442247760347397,-0.25027225000000364,0.2762249558808263,0.0346873301970809,0.07568355919265604,-0.5282597223630419,-0.7512017147307335,0.01526305372038275,-1.107964038591285e-06
RRc,0.03915167972445485,0.24076954501003756,0.1779301826207963,4.24398279812539,4.046864057827814,0.2037057749999995,0.4270266616548295,0.06516033135163996,0.00705765000000365,0.19531927063472798,0.017215941085211697,0.08115986952202031,0.0066357656495184495,-1.2928201032560385,0.0008350642999787,-2.39196019714886e-06
