,Feature_0,Feature_1
EA,3.2458732419847127,0.159217877094972
NotEA,3.3204882163280347,0.3386752136752137
