,Feature_0,Feature_1
EA,5.5303767230762935,0.1594533029612756
NotEA,3.5428308373133746,0.3372262360107664
