,Feature_0,Feature_1
EA,6.055367896596016,0.08916565221462681
NotEA,2.792866611861732,0.08876729275689371
