,Feature_0,Feature_1
EA,2.2442844817991046,0.06046154505792814
NotEA,1.7611958314767813,0.07477411323780607
