,Feature_0,Feature_1
BYDra,1.3150194781900502,0.186451957222161
RSCVN,1.067448273336009,0.1703892355215284
