,Feature_0,Feature_1,Feature_2
EA,5.5303767230762935,0.1594533029612756,17.15949214349277
NotEA,3.5428308373133746,0.3372262360107664,16.64266761208492
