,Feature_0,Feature_1,Feature_2
BYDra,0.1818698436388139,1.306370131056839,1.0
RSCVN,0.21416837612487916,1.0418165972121392,1.0
