,Feature_0,Feature_1,Feature_2
BYDra,0.0812636586722365,0.43110053495482226,3.0
RSCVN,0.08276139322077813,0.6215415221613512,2.0
