,Feature_0,Feature_1,Feature_2
EA,2.895060913859262,0.06274475015216378,1.6078003888675008
NotEA,1.7855796097645324,0.08108515646891883,1.811593646191754
