,Feature_0,Feature_1,Feature_2,Feature_3
CEP,3.296322016473539,0.1122865022059612,1.865855828620352,0.2069683744506664
DSCT,0.08675898859224579,0.8248920933043492,2.346768817273748,4.0073880516006835e-11
RR,0.58038310209606,0.14368195504289621,2.198345111183935,0.01526305372038275
RRc,0.3331988806963707,0.1779301826207963,1.531788708320059,0.0008350642999787
