,Feature_0,Feature_1
CEP,3.296322016473539,0.0254785243864496
DSCT,0.08675898859224579,0.37649840419681146
RR,0.58038310209606,0.025442247760347397
RRc,0.3331988806963707,0.06516033135163996
