,Feature_0,Feature_1
CEP,4.067889298887767,0.0500855175266741
DSCT,0.04008238528120864,0.49210656706601474
RR,0.11960081021493729,0.05262667751134125
RRc,0.0743474477895254,0.1716614519354125
