,Feature_0,Feature_1
EA,0.1594533029612756,1.8855606133935103
NotEA,0.3372262360107664,-0.027024962402854
