,Feature_0,Feature_1,Feature_2,Feature_3,Feature_4,Feature_5
EA,5.561732606979623,4.4667013982750845,0.159217877094972,17.113481724779735,1.8878123953802768,3.483165578925315
NotEA,3.648735483288921,3.228490284450115,0.3386752136752137,16.33787167198554,-0.0161007567691365,-0.49357297521670884
