,Feature_0,Feature_1,Feature_2,Feature_3,Feature_4,Feature_5
EA,2.892395674498175,2.508997905775978,0.06359083419375913,1.6357597891340727,1.3118931458071568,13.381936156218893
NotEA,1.8106069349398797,1.774466771229789,0.07494846551938476,1.8532970763630587,1.4140654743020376,26.6523540145005
