,Feature_0,Feature_1,Feature_2
EA,0.1594533029612756,1.8855606133935103,3.61307140405876
NotEA,0.3372262360107664,-0.027024962402854,-0.36102557879408453
