,Feature_0,Feature_1,Feature_2,Feature_3,Feature_4
EA,0.0908170529204011,0.0297967954811097,1.8878123953802768,3.483165578925315,0.0004896033526966
NotEA,0.0973337547784528,0.0194560800811677,-0.0161007567691365,-0.49357297521670884,0.043455583763865546
