,Feature_0,Feature_1,Feature_2
EA,0.08916565221462681,1.2842710342313401,6.37318502831095
NotEA,0.08876729275689371,0.608750703323628,1.3483945315087977
