,Feature_0,Feature_1,Feature_2,Feature_3
EA,0.024687491716176492,1.3118931458071568,13.381936156218893,0.14508123107755377
NotEA,0.049949139106215686,1.4140654743020376,26.6523540145005,0.39035730274926256
