,Feature_0,Feature_1
EA,2.913252420833029,0.1628701594533029
NotEA,2.7778420561839603,0.3422083140956582
