,Feature_0,Feature_1
EA,2.5002465369445948,0.06274475015216378
NotEA,1.7700100624260169,0.08108515646891883
