,Feature_0,Feature_1,Feature_2
BYDra,1.306370131056839,2.83404320144258,1.0
RSCVN,1.0418165972121392,3.079778638073492,1.0
