,Feature_0,Feature_1,Feature_2,Feature_3,Feature_4,Feature_5,Feature_6,Feature_7,Feature_8,Feature_9,Feature_10,Feature_11,Feature_12,Feature_13,Feature_14,Feature_15,Feature_16,Feature_17,Feature_18,Feature_19,Feature_20,Feature_21,Feature_22,Feature_23
BYDra,2.053853750228882,0.0019452776759862,1.143682647523414,0.0013295319686388,0.7065413937368239,0.1818698436388139,1.306370131056839,0.0293211269089949,0.0047613723100356,0.0032169110786865,0.003159721914657,3.222962715063799,3.0408894689647856,0.0754861500000023,0.9999999772221044,1.0,0.0088453164841462,0.0506992999999944,0.061029384391956,0.3067747429088827,4.02261985443248e-06,0.0414877536540984,0.3125183943797943,-1.8103156040748647e-06
RSCVN,2.213425636291504,0.00219584221486,1.1265102765799637,0.0011832941250872,0.3721161632777794,0.21416837612487916,1.0418165972121392,0.0339737155670676,0.004937907684682949,0.0022987272330352,0.0023189361311063998,3.063108910132555,3.30386973920961,0.07116174999999986,0.9999999999904232,1.0,0.0085086484575875,0.05090116249999975,0.0892257268653501,0.08935864044775615,3.897377125893987e-06,0.02099388184137915,0.1081716248793892,-2.1781842893800656e-06
