,Feature_0,Feature_1,Feature_2,Feature_3,Feature_4
BYDra,0.1818698436388139,1.306370131056839,3.09107075544253,0.1838415011268015,0.0414877536540984
RSCVN,0.21416837612487916,1.0418165972121392,2.9705238338663964,0.1696720864148541,0.02099388184137915
