,Feature_0,Feature_1,Feature_2,Feature_3,Feature_4
BYDra,0.0812636586722365,0.43110053495482226,3.0606152152570116,0.1025374951599099,0.0767725571030347
RSCVN,0.08276139322077813,0.6215415221613512,3.044118830756527,0.08974457620993717,0.07100754405208883
