,Feature_0,Feature_1
CEP,3.296322016473539,0.2928759894459103
DSCT,0.08675898859224579,0.41803585212317634
RR,0.58038310209606,0.2762249558808263
RRc,0.3331988806963707,0.19531927063472798
